North Carolina,Southeast
Indiana,Midwest
Wyoming,West
Utah,West
New York City,Northeast
Guam,Overseas
Arizona,West
Montana,West
Kentucky,Southeast
California,West
Kansas,Midwest
Delaware,Northeast
Florida,Southeast
Pennsylvania,Northeast
Iowa,Midwest
Mississippi,Southeast
Texas,Southeast
Illinois,Midwest
Connecticut,Northeast
Georgia,Southeast
Virginia,Southeast
Maryland,Northeast
Idaho,West
Oregon,West
Vermont,Northeast
Maine,Northeast
Tennessee,Southeast
Oklahoma,Southeast
Alabama,Southeast
Arkansas,Southeast
South Carolina,Southeast
Washington,West
Nebraska,Midwest
West Virginia,Southeast
Colorado,West
Massachusetts,Northeast
Missouri,Southeast
Alaska,Overseas
North Dakota,Midwest
Wisconsin,Midwest
Nevada,West
Rhode Island,Northeast
New York,Northeast
District of Columbia,Northeast
Hawaii,Overseas
South Dakota,Midwest
Minnesota,Midwest
New Jersey,Northeast
Michigan,Midwest
New Mexico,West
New Hampshire,Northeast
Louisiana,Southeast
Ohio,Midwest